Description,Ticker,Ticker2
Lunr,LUNRUSD,LUNR
Litecoin,LTCUSD,LTC
Stacks,STXUSD,STX
NEAR,NEARUSD,NEAR
Bitcoin,BTCUSD,BTC
Bitcoin,BTCUSD,BTC
WAXP,WAXPUSD,WAXP
PowerLedger,POWRUSD,POWR
TRON,TRXUSD,TRX
Stellar,XLMUSD,XLM
Polkadot,DOTUSD,DOT
Solana,SOLUSD,SOL
Avalanche,AVAXUSD,AVAX
Stratis,STRATUSD,STRAT
Ethereum,ETHUSD,ETH
ATLAS,ATLASUSD,ATLAS
Bitshares,BTSUSD,BTS
Shiba,SHIBUSD,SHIB
Litecoin,LTCUSD,LTC
TRON,TRXUSD,TRX
BTMC,BTMCUSD,BTMC
Ankr,ANKRUSD,ANKR
Polygon,MATICUSD,MATIC
Bitcoin,BTGUSD,BTG
Algorand,ALGOUSD,ALGO
Terra,LUNAUSD,LUNA
CUSD,CUSDUSD,CUSD
Dogecoin,DOGEUSD,DOGE
Grin,GRINUSD,GRIN
IoTeX,IOTXUSD,IOTX
SwissBorg,CHSBUSD,CHSB
Civic,CVCUSD,CVC
NEAR,NEARUSD,NEAR
ENS,ENSUSD,ENS
Dusk,DUSKUSD,DUSK
AdEx,ADXUSD,ADX
Steem,STEEMUSD,STEEM
Enjin,ENJUSD,ENJ
Cosmos,ATOMUSD,ATOM
UMA,UMAUSD,UMA
OmiseGO,OMGUSD,OMG
Uniswap,UNIUSD,UNI
TKO,TKOUSD,TKO
Aidos,ADKUSD,ADK
NKN,NKNUSD,NKN
Compound,COMPUSD,COMP
Ark,ARKUSD,ARK
Qtum,QTUMUSD,QTUM
OMG,OMGUSD,OMG
Decentraland,MANAUSD,MANA
DOT,DOTUSD,DOT
Harmony,ONEUSD,ONE
AVAX,AVAXUSD,AVAX
Binance,BNBUSD,BNB
QTUM,QTUMUSD,QTUM
Bitcoin,BTCUSD,BTC
Compound,COMPUSD,COMP
Dash,DASHUSD,DASH
DGB,DGBUSD,DGB
QUICK,QUICKUSD,QUICK
ACM,ACMUSD,ACM
district0x,DNTUSD,DNT
FRONT,FRONTUSD,FRONT
Yuan,YCCUSD,YCC
Stacks,STXUSD,STX
DEGO,DEGOUSD,DEGO
ALPHA,ALPHAUSD,ALPHA
Wrapped,WBTCUSD,WBTC
Secret,SCRTUSD,SCRT
RAMP,RAMPUSD,RAMP
OM,OMUSD,OM
C98,C98USD,C98
AGLD,AGLDUSD,AGLD
VIDT,VIDTUSD,VIDT
UNI,UNIUSD,UNI
Monero-Classic,XMCUSD,XMC
Dacxi,DACXIUSD,DACXI
1INCH,1INCHUSD,1INCH
NuCypher,NUUSD,NU
Tachyon,IPXUSD,IPX
Horizen,ZENUSD,ZEN
HIVE,HIVEUSD,HIVE
Moeda,MDAUSD,MDA
Orchid,OXTUSD,OXT
Pundi,PUNDIXUSD,PUNDIX
UNFI,UNFIUSD,UNFI
Cosmos,ATOMUSD,ATOM
ALICE,ALICEUSD,ALICE
Walton,WTCUSD,WTC
ICON,ICXUSD,ICX
ILV,ILVUSD,ILV
PNT,PNTUSD,PNT
FLM,FLMUSD,FLM
Algorand,ALGOUSD,ALGO
Ardor,ARDRUSD,ARDR
TRIBE,TRIBEUSD,TRIBE
RIF,RIFUSD,RIF
SunContract,SNCUSD,SNC
Bitcoin,BCDUSD,BCD
OAX,OAXUSD,OAX
SNX,SNXUSD,SNX
Steem,STEEMUSD,STEEM
Curve,CRVUSD,CRV
Walton,WTCUSD,WTC
LockTrip,LOCUSD,LOC
Achain,ACTUSD,ACT
AppCoins,APPCUSD,APPC
FXS,FXSUSD,FXS
AdEx,ADXNUSD,ADXN
DigitalNote,XDNUSD,XDN
Bluzelle,BLZUSD,BLZ
Crowd,CMCTUSD,CMCT
Bitpanda,BESTUSD,BEST
Dragon,DRGUSD,DRG
LiquidApps,DAPPUSD,DAPP
IRIS,IRISUSD,IRIS
BOX,BOXUSD,BOX
DOCK,DOCKUSD,DOCK
VeChain,VETUSD,VET
Revain,REVUSD,REV
ARPA,ARPAUSD,ARPA
Enjin,ENJUSD,ENJ
AXpire,AXPRUSD,AXPR
Polygon,MATICUSD,MATIC
Curioinvest,CURUSD,CUR
MKR,MKRUSD,MKR
GT,GTUSD,GT
VITE,VITEUSD,VITE
Internet,ICPUSD,ICP
Ambrosus,AMBUSD,AMB
WNXM,WNXMUSD,WNXM
COMP,COMPUSD,COMP
ROOBEE,ROOBEEUSD,ROOBEE
AUTO,AUTOUSD,AUTO
Neblio,NEBLUSD,NEBL
FTX,FTTUSD,FTT
InsurAce,INSURUSD,INSUR
Linear,LINAUSD,LINA
Mysterium,MYSTUSD,MYST
Ontology,ONGUSD,ONG
Perlin,PERLUSD,PERL
FARM,FARMUSD,FARM
BidiPass,BDPUSD,BDP
ERT,ERTUSD,ERT
SIRIN,SRNUSD,SRN
HTMLCOIN,HTMLUSD,HTML
Linker,LNCUSD,LNC
NAGA,NGCUSD,NGC
Emercoin,EMCUSD,EMC
Matryx,MTXUSD,MTX
Zrcoin,ZRCUSD,ZRC
Edgeless,EDGUSD,EDG
BANCA,BANCAUSD,BANCA
G999,G999USD,G999
Monero,XMRUSD,XMR
HedgeTrade,HEDGUSD,HEDG
FLIP,FLPUSD,FLP
Presearch,PREUSD,PRE
NEO,NEOUSD,NEO
Dash,DASHUSD,DASH
Tether,USDTUSD,USDT
Mina,MINAUSD,MINA
Aspire,ASPUSD,ASP
Pirate,ARRRUSD,ARRR
Imbrex,REXUSD,REX
Tether,USDTUSD,USDT
ORME,ORMEUSUSD,ORMEUS
Nkn,NKNUSD,NKN
Synthetix,SNXUSD,SNX
SmartMesh,SMTUSD,SMT
AERGO,AERGOUSD,AERGO
WING,WINGUSD,WING
FORTH,FORTHUSD,FORTH
Travala.com,AVAUSD,AVA
BitDegree,BDGUSD,BDG
XYO,XYOUSD,XYO
Kryll,KRLUSD,KRL
Aeron,ARNXUSD,ARNX
Zcash,ZECUSD,ZEC
Injective,INJUSD,INJ
BIZZCOIN,BIZZUSD,BIZZ
Hedera,HBARUSD,HBAR
TLM,TLMUSD,TLM
Polkadot,DOTUSD,DOT
Perpetual,PERPUSD,PERP
ARPA,ARPAUSD,ARPA
V,VSYSUSD,VSYS
Bluzelle,BLZUSD,BLZ
Auctus,AUCUSD,AUC
TORN,TORNUSD,TORN
Uniswap,UNIUSD,UNI
Etherlite,ETLUSD,ETL
INJ,INJUSD,INJ
Ethereum,ETCUSD,ETC
NeuroToken,NTKUSD,NTK
CRV,CRVUSD,CRV
SAND,SANDUSD,SAND
DYDX,DYDXUSD,DYDX
AVA,AVAUSD,AVA
USGold,USGUSD,USG
SALT,SALTUSD,SALT
BoringDAO,BORUSD,BOR
TRB,TRBUSD,TRB
PERP,PERPUSD,PERP
FIS,FISUSD,FIS
Solana,SOLUSD,SOL
Orion,ORNUSD,ORN
Ethereum,ETHUSD,ETH
Cardano,ADAUSD,ADA
VeChain,VETUSD,VET
Ethereum,ETHUSD,ETH
PAX,PAXGUSD,PAXG
0x,ZRXUSD,ZRX
QNT,QNTUSD,QNT
PEAKDEFI,PEAKUSD,PEAK
Vibe,VIBEUSD,VIBE
ShipChain,SHIPUSD,SHIP
Emirex,EMRXUSD,EMRX
Litecoin,LCCUSD,LCC
Cartesi,CTSIUSD,CTSI
Band,BANDUSD,BAND
Zcash,ZECUSD,ZEC
Alien,TLMUSD,TLM
Newscrypto,NWCUSD,NWC
Ihtcoin,IHTUSD,IHT
Red,PHBUSD,PHB
Aion,AIONUSD,AION
Centrality,CENNZUSD,CENNZ
EKO,EKOUSD,EKO
Gitcoin,GTCUSD,GTC
NU,NUUSD,NU
Illuvium,ILVUSD,ILV
Inmediate,DITUSD,DIT
Mithril,MITHUSD,MITH
FLOW,FLOWUSD,FLOW
IQ.cash,IQUSD,IQ
Render,RNDRUSD,RNDR
PIVX,PIVXUSD,PIVX
Stellar,XLMUSD,XLM
Ardor,ARDRUSD,ARDR
POA,POAUSD,POA
DIA,DIAUSD,DIA
Zeus,ZSCUSD,ZSC
Loopring,LRCUSD,LRC
All,SOCUSD,SOC
ANT,ANTUSD,ANT
TNC,TNCUSD,TNC
Seele-N,SEELEUSD,SEELE
AUTO,AUTOUSD,AUTO
KLAY,KLAYUSD,KLAY
eCash,XECUSD,XEC
Verge,XVGUSD,XVG
Basic,BATUSD,BAT
Eureka,ERKUSD,ERK
yearn.finance,YFIUSD,YFI
THORChain,RUNEUSD,RUNE
SOL,SOLUSD,SOL
Yield,YGGUSD,YGG
Swarm,SWTUSD,SWT
ICP,ICPUSD,ICP
Voyager,VGXUSD,VGX
indaHash,IDHUSD,IDH
TEMCO,TEMCOUSD,TEMCO
GrEarn,GSTUSD,GST
ABBC,ABBCUSD,ABBC
Augur,REPV2USD,REPV2
Red,PHXUSD,PHX
CVC,CVCUSD,CVC
Bread,BRDUSD,BRD
TRUE,TRUEUSD,TRUE
REEF,REEFUSD,REEF
CoinLoan,CLTUSD,CLT
Chainlink,LINKUSD,LINK
Golden,GOLDRUSD,GOLDR
NEM,XEMUSD,XEM
Akash,AKTUSD,AKT
Polkastarter,POLSUSD,POLS
HedgeTrade,HEDGUSD,HEDG
Standard,STPTUSD,STPT
LAZIO,LAZIOUSD,LAZIO
DigiDinar,DDRTUSD,DDRT
BitTorrent,BTTUSD,BTT
DOVU,DOVUSD,DOV
Beam,BEAMUSD,BEAM
Atari,ATRIUSD,ATRI
PinkCoin,PINKUSD,PINK
TrueFi,TRUUSD,TRU
KOK,KOKUSD,KOK
ALPACA,ALPACAUSD,ALPACA
BlitzPredict,XBPUSD,XBP
JulSwap,JULDUSD,JULD
STMX,STMXUSD,STMX
YFI,YFIUSD,YFI
Golff,GOFUSD,GOF
Manchester,CITYUSD,CITY
Groestlcoin,GRSUSD,GRS
AdEx,ADXUSD,ADX
Loopring,LRCUSD,LRC
CBC.Network,CBCUSD,CBC
My,MYCEUSD,MYCE
Automata,ATAUSD,ATA
XVS,XVSUSD,XVS
Matrix,MANUSD,MAN
Occam.Fi,OCCUSD,OCC
Tranche,SLICEUSD,SLICE
Streamr,DATAUSD,DATA
IRISnet,IRISUSD,IRIS
Substratum,SUBUSD,SUB
Alphacat,ACATUSD,ACAT
XAUR,XAURUSD,XAUR
Native,NUTUSD,NUT
MonaCoin,MONAUSD,MONA
Dawn,DAWNUSD,DAWN
Po.et,POEUSD,POE
Redd,RDDUSD,RDD
MobileCoin,MOBUSD,MOB
Primalbase,PBTUSD,PBT
BAR,BARUSD,BAR
Bitcoin,BTGUSD,BTG
Stratis,STRAXUSD,STRAX
Komodo,KMDUSD,KMD
FIRO,FIROUSD,FIRO
Enigma,ENGUSD,ENG
Cortex,CTXCUSD,CTXC
FIO,FIOUSD,FIO
Humaniq,HMQUSD,HMQ
Polymath,POLYUSD,POLY
YGG,YGGUSD,YGG
Bread,BRDUSD,BRD
aelf,ELFUSD,ELF
Mobox,MBOXUSD,MBOX
Power,POWRUSD,POWR
Shopping,SPIUSD,SPI
xRhodium,XRCUSD,XRC
Lucy,LUCYUSD,LUCY
XRP,XRPUSD,XRP
Measurable,MDTUSD,MDT
1inch,1INCHUSD,1INCH
Molecular,MOFUSD,MOF
Six,SIXUSD,SIX
IoTeX,IOTXUSD,IOTX
AirSwap,ASTUSD,AST
Ark,ARKUSD,ARK
Wrapped,WBTCUSD,WBTC
THETA,THETAUSD,THETA
Orchid,OXTUSD,OXT
Ethereum,ENSUSD,ENS
EasyFi,EASYUSD,EASY
NANO,NANOUSD,NANO
Klaytn,KLAYUSD,KLAY
Gnosis,GNOUSD,GNO
Serum,SRMUSD,SRM
Siacoin,SCUSD,SC
Ontology,ONTUSD,ONT
MDX,MDXUSD,MDX
Aave,AAVEUSD,AAVE
Carbon,CUTUSD,CUT
Unibright,UBTUSD,UBT
LIT,LITUSD,LIT
Lisk,LSKUSD,LSK
Maker,MKRUSD,MKR
DEAPCOIN,DEPUSD,DEP
Unicorn,UTIUSD,UTI
Vanywhere,VANYUSD,VANY
Mirror,MIRUSD,MIR
TAEL,WABIUSD,WABI
Parallel,MIMOUSD,MIMO
OriginTrail,TRACUSD,TRAC
DATx,DATXUSD,DATX
ROSE,ROSEUSD,ROSE
Energi,NRGUSD,NRG
Velas,VLXUSD,VLX
Kava,KAVAUSD,KAVA
Waves,WAVESUSD,WAVES
Populous,PPTUSD,PPT
ORN,ORNUSD,ORN
Maecenas,ARTUSD,ART
TRON,TRXUSD,TRX
Bonded,BONDUSD,BOND
SwftCoin,SWFTCUSD,SWFTC
Amoveo,VEOUSD,VEO
Bridge,BRDGUSD,BRDG
Venus,XVSUSD,XVS
Coindash,CDTUSD,CDT
Aeon,AEONUSD,AEON
ExclusiveCoin,EXCLUSD,EXCL
Neo,NEOUSD,NEO
PhoenixDAO,PHNXUSD,PHNX
Mindcell,MDCUSD,MDC
Swerve,SWRVUSD,SWRV
Origin,OGNUSD,OGN
BTECoin,BTEUSD,BTE
Bitcoin,BCHAUSD,BCHA
KardiaChain,KAIUSD,KAI
MLN,MLNUSD,MLN
Aave,AAVEUSD,AAVE
CHR,CHRUSD,CHR
Standard,STPTUSD,STPT
Bytecoin,BCNUSD,BCN
POA,POA20USD,POA20
Lisk,LSKUSD,LSK
Curve,CRVUSD,CRV
Pitch,PITCHUSD,PITCH
Status,SNTUSD,SNT
Naga,NGCUSD,NGC
Hydro,HYDROUSD,HYDRO
Velas,VLXUSD,VLX
Lunyr,LUNUSD,LUN
Nano,NANOUSD,NANO
Aspire,GASPUSD,GASP
Komodo,KMDUSD,KMD
Gleec,GLEECUSD,GLEEC
Unification,FUNDUSD,FUND
Qtum,QTUMUSD,QTUM
DomRaider,DRTUSD,DRT
Penta,PNTUSD,PNT
COTI,COTIUSD,COTI
Spice,SPICEUSD,SPICE
Cardano,ADAUSD,ADA
Flow,FLOWUSD,FLOW
Ampleforth,FORTHUSD,FORTH
KEEP,KEEPUSD,KEEP
Livepeer,LPTUSD,LPT
Rarible,RARIUSD,RARI
ARTII,ARTIIUSD,ARTII
Vertcoin,VTCUSD,VTC
The,SANDUSD,SAND
Metadium,METAUSD,META
8X8,EXEUSD,EXE
IQQ,IQQUSD,IQQ
District0x,DNTUSD,DNT
Chrono.tech,TIMEUSD,TIME
Ontology,ONTUSD,ONT
GET,GETUSD,GET
DODO,DODOUSD,DODO
Ardor,ARDRUSD,ARDR
Crown,CRWUSD,CRW
HiFi,MFTUSD,MFT
United,UTTUSD,UTT
POND,PONDUSD,POND
Mysterium,MYSTUSD,MYST
SimbCoin,SMBSWAPUSD,SMBSWAP
TenX,PAYUSD,PAY
Metronome,METUSD,MET
Firo,FIROUSD,FIRO
SafePal,SFPUSD,SFP
Elrond,EGLDUSD,EGLD
Handshake,HNSUSD,HNS
1INCH,1INCHUSD,1INCH
Reef,REEFUSD,REEF
Proton,XPRUSD,XPR
Lambda,LAMBUSD,LAMB
LOAN,LOANUSD,LOAN
Aidos,ADKUSD,ADK
Orbs,ORBSUSD,ORBS
Sentinel,UPPUSD,UPP
Uquid,UQCUSD,UQC
Klever,KLVUSD,KLV
Radicle,RADUSD,RAD
Stellar,XLMUSD,XLM
VERAsity,VRAUSD,VRA
Livepeer,LPTUSD,LPT
SteemDollars,SBDUSD,SBD
Arweave,ARUSD,AR
Ethereum,ECELLUSD,ECELL
ICON,ICXUSD,ICX
SuperFarm,SUPERUSD,SUPER
Edgeware,EDGUSD,EDG
GoChain,GOUSD,GO
Decred,DCRUSD,DCR
Constellation,DAGUSD,DAG
Harvest,FARMUSD,FARM
KSM,KSMUSD,KSM
REAL,SYBCUSD,SYBC
MaidSafeCoin,MAIDUSD,MAID
Litecoin,LTCUSD,LTC
Badger,BADGERUSD,BADGER
Loom,LOOMUSD,LOOM
Nxt,NXTUSD,NXT
Casino,CBCUSD,CBC
I/OCoin,IOCUSD,IOC
Dash,DASHUSD,DASH
Chronologic,DAYUSD,DAY
TomoChain,TOMOUSD,TOMO
Nervos,CKBUSD,CKB
DUCATO,DUCATOUSD,DUCATO
THEKEY,TKYUSD,TKY
DigiByte,DGBUSD,DGB
Status,SNTUSD,SNT
UREEQA,URQAUSD,URQA
Qtum,QTUMUSD,QTUM
Streamr,DATAUSD,DATA
OntologyGas,ONGUSD,ONG
Tap,XTPUSD,XTP
Dash,DASHUSD,DASH
Blockpass,PASSUSD,PASS
Bitcoin,BCHSVUSD,BCHSV
BEL,BELUSD,BEL
bZx,BZRXUSD,BZRX
JUV,JUVUSD,JUV
Stronghold,SHXUSD,SHX
SuperRare,RAREUSD,RARE
Bytom,BTMUSD,BTM
Alliance,ACDUSD,ACD
Wrapped,WBTCUSD,WBTC
Dvision,DVIUSD,DVI
ABBC,ABBCUSD,ABBC
Cryptaur,CPTUSD,CPT
ATM,ATMUSD,ATM
Ethereum,EEXUSD,EEX
Status,SNTUSD,SNT
TomoChain,TOMOUSD,TOMO
GST,GSTUSD,GST
apM,APMUSD,APM
RARE,RAREUSD,RARE
Sentinel,SENTUSD,SENT
Propy,PROUSD,PRO
Morpheus,MITXUSD,MITX
Feathercoin,FTCUSD,FTC
Neumark,NEUUSD,NEU
Particl,PARTUSD,PART
Terra,LUNAUSD,LUNA
Aergo,AERGOUSD,AERGO
Hedget,HGETUSD,HGET
Bancor,BNTUSD,BNT
HUB,HUBUSD,HUB
AR,ARUSD,AR
Bancor,BNTUSD,BNT
Stox,STXUSD,STX
Monetha,MTHUSD,MTH
DeXe,DEXEUSD,DEXE
Pist,PISTUSD,PIST
Klever,KLVUSD,KLV
Skrumble,SKMUSD,SKM
LCX,LCXUSD,LCX
Universal,UPEURUSD,UPEUR
Crypto20,C20USD,C20
ALL.ME,MEUSD,ME
Coin98,C98USD,C98
Ethereum,ETHUSD,ETH
Vite,VITEUSD,VITE
Aelf,ELFUSD,ELF
Bitcoin,BSVUSD,BSV
BOSAGORA,BOAUSD,BOA
MARS4,MARS4USD,MARS4
AVAX,AVAXUSD,AVAX
ViaCoin,VIAUSD,VIA
VICDeal,VILUSD,VIL
Tezos,XTZUSD,XTZ
BitShares,BTSUSD,BTS
Covesting,COVUSD,COV
Wanchain,WANUSD,WAN
Monero,XMRUSD,XMR
Factom,FCTUSD,FCT
CardWallet,CWUSD,CW
IOST,IOSTUSD,IOST
DAV,DAVUSD,DAV
FirmaChain,FCT2USD,FCT2
Cindicator,CNDUSD,CND
Monero,XMRUSD,XMR
Hxro,HXROUSD,HXRO
GLEEC,GLEECUSD,GLEEC
Cindicator,CNDUSD,CND
HiveDollars,HBDUSD,HBD
Endor,EDRUSD,EDR
Boson,BOSONUSD,BOSON
LOOM,LOOMUSD,LOOM
ZAP,ZAPUSD,ZAP
BaaSid,BAASUSD,BAAS
RENBTC,RENBTCUSD,RENBTC
OG,OGUSD,OG
Asimi,ASIUSD,ASI
SysCoin,SYSUSD,SYS
PLU,PLUUSD,PLU
Euno,EUNOUSD,EUNO
SRM,SRMUSD,SRM
PowerPool,CVPUSD,CVP
LINA,LINAUSD,LINA
Aavegotchi,GHSTUSD,GHST
BRZ,BRZUSD,BRZ
Bitcoin,BCHUSD,BCH
Tezos,XTZUSD,XTZ
AUCTION,AUCTIONUSD,AUCTION
Cybervein,CVTUSD,CVT
Liti,WLITIUSD,WLITI
Kusama,KSMUSD,KSM
Hiveterminal,HVNUSD,HVN
FIL,FILUSD,FIL
PlusCoin,NPLCUSD,NPLC
CELO,CELOUSD,CELO
Metaverse,ETPUSD,ETP
Ren,RENUSD,REN
KeeperDAO,ROOKUSD,ROOK
UTRUST,UTKUSD,UTK
Bitcoin,BCHUSD,BCH
Golem,GLMUSD,GLM
Numeraire,NMRUSD,NMR
Universal,UPCO2USD,UPCO2
Measurable,MDTUSD,MDT
WeTrust,TRSTUSD,TRST
Bondly,BONDLYUSD,BONDLY
MinerGate,MGUSD,MG
Verge,XVGUSD,XVG
Contentos,COSUSD,COS
Blockchain,CUTEUSD,CUTE
Ignis,IGNISUSD,IGNIS
Perlin,PERLUSD,PERL
Unus,LEOUSD,LEO
300FIT,FITUSD,FIT
Folder,FOLUSD,FOL
Red,PHBUSD,PHB
Reserve,RSRUSD,RSR
BitBall,BTBUSD,BTB
Molecular,MOFUSD,MOF
Basic,BATUSD,BAT
Exchange,XUCUSD,XUC
WazirX,WRXUSD,WRX
Theta,TFUELUSD,TFUEL
BYTZ,BYTZUSD,BYTZ
Abyss,ABYSSUSD,ABYSS
Ignis,IGNISUSD,IGNIS
PolySwarm,NCTUSD,NCT
TenX,PAYUSD,PAY
Purple,PBTTUSD,PBTT
REVV,REVVUSD,REVV
Unobtanium,UNOUSD,UNO
Gulden,NLGUSD,NLG
Berry,BERRYUSD,BERRY
Metaverse,DNAUSD,DNA
FriendZ,FDZUSD,FDZ
Numeraire,NMRUSD,NMR
Storj,STORJUSD,STORJ
Avalanche,AVAXUSD,AVAX
Digitex,DGTXUSD,DGTX
RAPIDZ,RPZXUSD,RPZX
NMR,NMRUSD,NMR
TNC,TNCUSD,TNC
Frontier,FRONTUSD,FRONT
Yoyow,YOYOWUSD,YOYOW
Alpha,ALPHAUSD,ALPHA
FTX,FTTUSD,FTT
Blue,BWXUSD,BWX
PHA,PHAUSD,PHA
PumaPay,PMAUSD,PMA
BAL,BALUSD,BAL
Tradcoin,TRADUSD,TRAD
Ark,ARKUSD,ARK
MFA,MFAUSD,MFA
DigitalNote,XDNUSD,XDN
GALA,GALAUSD,GALA
4ArtCoin,4ARTUSD,4ART
BlockMason,BCPTUSD,BCPT
Decred,DCRUSD,DCR
BinaryX,BNXUSD,BNX
JST,JSTUSD,JST
Wrapped,WXBTCUSD,WXBTC
VIDT,VIDTUSD,VIDT
XELS,XELSUSD,XELS
Loom,LOOMUSD,LOOM
Request,REQUSD,REQ
Revain,REVUSD,REV
Okcash,OKUSD,OK
USD,USDCUSD,USDC
Akropolis,AKROUSD,AKRO
Selfkey,KEYUSD,KEY
CureCoin,CUREUSD,CURE
BETA,BETAUSD,BETA
QLC,QLCUSD,QLC
Verge,XVGUSD,XVG
LPT,LPTUSD,LPT
CoinLoan,CLTUSD,CLT
Elastos,ELAUSD,ELA
Value,VALUEUSD,VALUE
CPChain,CPCUSD,CPC
Nerve,NVTUSD,NVT
EGLD,EGLDUSD,EGLD
Dragonchain,DRGNUSD,DRGN
Crypterium,CRPTUSD,CRPT
Gala,GALAUSD,GALA
Aeon,AEONUSD,AEON
Origin,OGNUSD,OGN
DigixDAO,DGDUSD,DGD
Peercoin,PPCUSD,PPC
Chromia,CHRUSD,CHR
GameCredits,GAMEUSD,GAME
SaTT,SATTUSD,SATT
Universal,UPTUSD,UPT
EQIFI,EQXUSD,EQX
Marlin,PONDUSD,POND
Banker,BNKUSD,BNK
Aryacoin,AYAUSD,AYA
Ubiq,UBQUSD,UBQ
Theta,THETAUSD,THETA
Luna,LUNAUSD,LUNA
BLOCKv,VEEUSD,VEE
OXT,OXTUSD,OXT
MediBloc,MEDUSD,MED
TCT,TCTUSD,TCT
Haven,XHVUSD,XHV
Nebulas,NASUSD,NAS
Patientory,PTOYUSD,PTOY
Whitecoin,XWCUSD,XWC
Kyber,KNCUSD,KNC
Navcoin,NAVUSD,NAV
Everex,EVXUSD,EVX
EOS,EOSUSD,EOS
Tezos,XTZUSD,XTZ
RAD,RADUSD,RAD
HelloGold,HGTUSD,HGT
OCEAN,OCEANUSD,OCEAN
Ocean,OCEANUSD,OCEAN
Ripio,RCNUSD,RCN
RSR,RSRUSD,RSR
BitcoinVault,BTCVUSD,BTCV
AGIX,AGIXUSD,AGIX
Tycoon,TYCUSD,TYC
Raiden,RDNUSD,RDN
Akoin,AKNUSD,AKN
Curecoin,CUREUSD,CURE
Dusk,DUSKUSD,DUSK
Mdex,MDXUSD,MDX
EOS,EOSUSD,EOS
Cosmos,ATOMUSD,ATOM
Celo,CUSDUSD,CUSD
Blockchain,BCUGUSD,BCUG
SKALE,SKLUSD,SKL
SUN,SUNUSD,SUN
Etheroll,DICEUSD,DICE
Agrello,DLTUSD,DLT
Storj,STORJUSD,STORJ
Chiliz,CHZUSD,CHZ
Swipe,SXPUSD,SXP
BitShares,BTSUSD,BTS
BOND,BONDUSD,BOND
VERA,VRAUSD,VRA
Memetic,MEMEUSD,MEME
Ethereum,ETHUSD,ETH
Bifrost,BFCUSD,BFC
DigitalBits,XDBUSD,XDB
SushiSwap,SUSHIUSD,SUSHI
Ripple,XRPUSD,XRP
Braintrust,BTRSTUSD,BTRST
Signum,SIGNAUSD,SIGNA
Faceter,FACEUSD,FACE
Rari,RGTUSD,RGT
Your,YFXUSD,YFX
OAX,OAXUSD,OAX
Sologenic,SOLOUSD,SOLO
Ankr,ANKRUSD,ANKR
CACHE,CGTUSD,CGT
Polygon,MATICUSD,MATIC
BiLira,TRYBUSD,TRYB
ASR,ASRUSD,ASR
The,FORUSD,FOR
KingMoney,KIMUSD,KIM
UTK,UTKUSD,UTK
GRT,GRTUSD,GRT
iExec,RLCUSD,RLC
Raise,RAISEUSD,RAISE
FuzeX,FXTUSD,FXT
KIN,KINUSD,KIN
Maker,MKRUSD,MKR
Ink,INKUSD,INK
Lamden,TAUUSD,TAU
Validity,VALUSD,VAL
Chromia,CHRUSD,CHR
Lisk,LSKUSD,LSK
Monetha,MTHUSD,MTH
QLC,QLCUSD,QLC
Zcash,ZECUSD,ZEC
Kusama,KSMUSD,KSM
Hedera,HBARUSD,HBAR
Elamachain,ELAMAUSD,ELAMA
DigiDinar,DDRUSD,DDR
Utrust,UTKUSD,UTK
Cindicator,CNDUSD,CND
ModiHost,AIMUSD,AIM
IDNI,AGRSUSD,AGRS
Pillar,PLRUSD,PLR
Creditcoin,CTCUSD,CTC
PlayChip,PLAUSD,PLA
Viberate,VIBUSD,VIB
InsightProtocol,INXUSD,INX
Kadena,KDAUSD,KDA
FENIX,FNXUSD,FNX
Tutor's,TUDAUSD,TUDA
BiFi,BIFIUSD,BIFI
XRP,XRPUSD,XRP
PancakeSwap,CAKEUSD,CAKE
Augur,REPV2USD,REPV2
Btrips,BTRUSD,BTR
NEM,XEMUSD,XEM
RUNE,RUNEUSD,RUNE
Bitcoin,BCDUSD,BCD
CKB,CKBUSD,CKB
Plugin,PLIUSD,PLI
Vulcan,PYRUSD,PYR
Myriad,XMYUSD,XMY
Starchain,STCUSD,STC
HKC,HKCUSD,HKC
GNY,GNYUSD,GNY
IDEX,IDEXUSD,IDEX
GNO,GNOUSD,GNO
Hdac,HDACUSD,HDAC
Polymath,POLYUSD,POLY
Standard,STPTUSD,STPT
Playkey,PKTUSD,PKT
ArdCoin,ARDXUSD,ARDX
Levolution,LEVLUSD,LEVL
TWT,TWTUSD,TWT
Ontology,ONGUSD,ONG
The,GRTUSD,GRT
Kyber,KNCUSD,KNC
NKN,NKNUSD,NKN
Pantos,PANUSD,PAN
RAMP,RAMPUSD,RAMP
GoChain,GOUSD,GO
Injective,INJUSD,INJ
QuarkChain,QKCUSD,QKC
CAKE,CAKEUSD,CAKE
FOR,FORUSD,FOR
Aeternity,AEUSD,AE
Abyss,ABYSSUSD,ABYSS
Pixel,PXLUSD,PXL
BlockMesh,BMHUSD,BMH
SXP,SXPUSD,SXP
Metal,MTLUSD,MTL
SAND,SANDUSD,SAND
Symbol,XYMUSD,XYM
Moeda,MDAUSD,MDA
MDT,MDTUSD,MDT
TrueUSD,TUSDUSD,TUSD
ICON,ICXUSD,ICX
Zilliqa,ZILUSD,ZIL
DAR,DARUSD,DAR
Frax,FXSUSD,FXS
Pundi,PUNDIXUSD,PUNDIX
Coti,COTIUSD,COTI
DNA,DNAUSD,DNA
Gnosis,GNOUSD,GNO
Foam,FOAMUSD,FOAM
Bytes,GBYTEUSD,GBYTE
Swipe,SXPUSD,SXP
pToken,XPNTUSD,XPNT
Axie,AXSUSD,AXS
Refereum,RFRUSD,RFR
Terra,KRTUSD,KRT
Ubique,UCTUSD,UCT
Electroneum,ETNUSD,ETN
Suretly,SURUSD,SUR
CTSI,CTSIUSD,CTSI
Enzyme,MLNUSD,MLN
SHIBA,SHIBUSD,SHIB
DeFiScale,DFCUSD,DFC
BeeChat,CHATUSD,CHAT
Steem,SBDUSD,SBD
BAKE,BAKEUSD,BAKE
Tokenville,TVUSD,TV
Celo,CELOUSD,CELO
Swarm,SWMUSD,SWM
FLO,FLOUSD,FLO
YIELD,YLDUSD,YLD
Viberate,VIBUSD,VIB
PlayChip,PLAUSD,PLA
GXChain,GXSUSD,GXS
Vitae,VITAEUSD,VITAE
Haven,XHVUSD,XHV
Beta,BETAUSD,BETA
IoTeX,IOTXUSD,IOTX
Amp,AMPUSD,AMP
Decentraland,MANAUSD,MANA
Siacoin,SCUSD,SC
Gas,GASUSD,GAS
VeriCoin,VRCUSD,VRC
Ambrosus,AMBUSD,AMB
xSigma,SIGUSD,SIG
Thunder,TTUSD,TT
DMarket,DMTUSD,DMT
Gifto,GTOUSD,GTO
SingularDTV,SNGLSUSD,SNGLS
DFI.Money,YFIIUSD,YFII
Smooth,SLPUSD,SLP
Fantom,FTMUSD,FTM
Internxt,INXTUSD,INXT
MINDOL,MINUSD,MIN
Bitcoin,BTGUSD,BTG
Filecoin,FILUSD,FIL
BADGER,BADGERUSD,BADGER
BTCST,BTCSTUSD,BTCST
BlackCoin,BLKUSD,BLK
Hifi,MFTUSD,MFT
VeriBlock,VBKUSD,VBK
GoldenPyrex,GPYXUSD,GPYX
Rentible,RNBUSD,RNB
Nexus,NXSUSD,NXS
Pearl,PEARLUSD,PEARL
Expanse,EXPUSD,EXP
Wrapped,WBTCUSD,WBTC
Vertcoin,VTCUSD,VTC
Dragonchain,DRGNUSD,DRGN
Latam,LMCHUSD,LMCH
CHESS,CHESSUSD,CHESS
Terra,USTUSD,UST
Metacoin,MTCUSD,MTC
IOST,IOSTUSD,IOST
Status,SNTUSD,SNT
Civic,CVCUSD,CVC
Sphere,SPHRUSD,SPHR
Ravencoin,RVCUSD,RVC
Decentraland,MANAUSD,MANA
Numeraire,NMRUSD,NMR
Peercoin,PPCUSD,PPC
0x,ZRXUSD,ZRX
YFII,YFIIUSD,YFII
MIMO,MIMOUSD,MIMO
Dogecoin,DOGEUSD,DOGE
FME,FMEUSD,FME
Celer,CELRUSD,CELR
Prometeus,PROMUSD,PROM
Travala.com,AVAUSD,AVA
HARD,HARDUSD,HARD
King,KDAGUSD,KDAG
CloudCoin,CCEUSD,CCE
Dent,DENTUSD,DENT
Nervos,CKBUSD,CKB
PROM,PROMUSD,PROM
Chia,XCHUSD,XCH
Sentiment,TTCCUSD,TTCC
Maker,MKRUSD,MKR
TrueFi,TRUUSD,TRU
Swipe,SXPUSD,SXP
NavCoin,NAVUSD,NAV
dYdX,DYDXUSD,DYDX
Terra,SDTUSD,SDT
NXT,NXTUSD,NXT
PAX,PAXGUSD,PAXG
APM,APMUSD,APM
Nimiq,NIMUSD,NIM
IOST,IOSTUSD,IOST
VGX,VGXUSD,VGX
EZ,EZUSD,EZ
Ankr,ANKRUSD,ANKR
U,UUUUSD,UUU
DREP,DREPUSD,DREP
Jobchain,JOBUSD,JOB
STEEM,STEEMUSD,STEEM
SpaceChain,SPCUSD,SPC
Quantstamp,QSPUSD,QSP
Bitcoin,BTCVUSD,BTCV
TheFutbolCoin,TFCUSD,TFC
EXMO,EXMUSD,EXM
METAL,MTLUSD,MTL
FLETA,FLETAUSD,FLETA
IQONIQ,IQQUSD,IQQ
Ergo,ERGUSD,ERG
Klaytn,KLAYUSD,KLAY
OriginChainToken,OGTUSD,OGT
ATA,ATAUSD,ATA
XinFin,XDCUSD,XDC
Monolith,TKNUSD,TKN
Sibcoin,SIBUSD,SIB
VideoCoin,VIDUSD,VID
GLM,GLMUSD,GLM
Waves,WAVESUSD,WAVES
FlypMe,FYPUSD,FYP
Nuls,NULSUSD,NULS
Shopping.io,SPIUSD,SPI
RedFOX,RFOXUSD,RFOX
Mithril,MITHUSD,MITH
BNT,ETHBNTUSD,ETHBNT
0x,ZRXUSD,ZRX
SENSO,SENSOUSD,SENSO
Nexus,NXSUSD,NXS
Usechain,USEUSD,USE
Mettalex,MTLXUSD,MTLX
Teachain,TEAUSD,TEA
GeoCoin,GEOUSD,GEO
WINGS,WINGSUSD,WINGS
DeFi.ch,DFCHUSD,DFCH
MyNeighborAlice,ALICEUSD,ALICE
WaykiChain,WICCUSD,WICC
Fortuna,FOTAUSD,FOTA
StockChain,SCCUSD,SCC
BNX,BNXUSD,BNX
Appcoins,APPCUSD,APPC
PumaPay,PMAUSD,PMA
Universal,UPUSDUSD,UPUSD
VeThor,VTHOUSD,VTHO
FIDA,FIDAUSD,FIDA
Pastel,PSLUSD,PSL
XinFin,XDCUSD,XDC
Unibright,UBTUSD,UBT
Morality,MOUSD,MO
Moonriver,MOVRUSD,MOVR
VouchForMe,IPLUSD,IPL
Bounce,AUCTIONUSD,AUCTION
Celsius,CELUSD,CEL
Wings,WINGSUSD,WINGS
Keep,KEEPUSD,KEEP
GTC,GTCUSD,GTC
BitTorrent,BTTUSD,BTT
SingularityNET,AGIXUSD,AGIX
ElectrifyAsia,ELECUSD,ELEC
CyberVeinToken,CVTUSD,CVT
Stealth,XSTUSD,XST
GXChain,GXCUSD,GXC
Quant,QNTUSD,QNT
12Ships,TSHPUSD,TSHP
Akropolis,AKROUSD,AKRO
Particl,PARTUSD,PART
Neblio,NEBLUSD,NEBL
NoLimitCoin,NLC2USD,NLC2
OmiseGO,OMGUSD,OMG
MOVR,MOVRUSD,MOVR
SpaceChain,SPCUSD,SPC
POLS,POLSUSD,POLS
AKRO,AKROUSD,AKRO
Serum,SRMUSD,SRM
EPS,EPSUSD,EPS
Fetch.AI,FETUSD,FET
Basic,BATUSD,BAT
Cortex,CTXCUSD,CTXC
PotCoin,POTUSD,POT
Avalanche,AVAXUSD,AVAX
district0x,DNTUSD,DNT
Filecoin,FILUSD,FIL
Lisk,LSKUSD,LSK
Expanse,EXPUSD,EXP
STEEM,STEEMUSD,STEEM
Oxen,OXENUSD,OXEN
Callisto,CLOUSD,CLO
Kyber,KNCUSD,KNC
Connectome,CNTMUSD,CNTM
WazirX,WRXUSD,WRX
Genaro,GNXUSD,GNX
Firmachain,FCT2USD,FCT2
TVK,TVKUSD,TVK
Mask,MASKUSD,MASK
Theta,TFUELUSD,TFUEL
RAMP,RAMPUSD,RAMP
8X8,EXEUSD,EXE
SENSO,SENSOUSD,SENSO
HyperDAO,HDAOUSD,HDAO
More,MOREUSD,MORE
Golem,GLMUSD,GLM
UMA,UMAUSD,UMA
Beshare,BSTUSD,BST
SKL,SKLUSD,SKL
SUKU,SUKUUSD,SUKU
Neo,NEOUSD,NEO
WAX,WAXPUSD,WAXP
Ren,RENUSD,REN
Synthetix,SNXUSD,SNX
Reserve,RSRUSD,RSR
MANTRA,OMUSD,OM
Power,POWRUSD,POWR
NEO,NEOUSD,NEO
Bancor,BNTUSD,BNT
Bidao,BIDUSD,BID
Ariva,ARVUSD,ARV
TrigX,TRIGXUSD,TRIGX
Augur,REPUSD,REP
Wootrade,WOOUSD,WOO
PSG,PSGUSD,PSG
RSK,RIFUSD,RIF
Spectiv,SIGUSD,SIG
MBOX,MBOXUSD,MBOX
Tranchess,CHESSUSD,CHESS
Telcoin,TELUSD,TEL
Centric,CNSUSD,CNS
The,SANDUSD,SAND
Secret,SCRTUSD,SCRT
Camp,CAMPUSD,CAMP
Binance,BNBUSD,BNB
Student,STCCOINUSD,STCCOIN
Trustswap,SWAPUSD,SWAP
Loon,LOONUSD,LOON
ONEUSD,ONEUSDUSD,ONEUSD
NXT,NXTUSD,NXT
Symbol,XYMUSD,XYM
Waves,WAVESUSD,WAVES
Universal,UPXAUUSD,UPXAU
MonetaryUnit,MUEUSD,MUE
Exchange,XUCUSD,XUC
Connect,XCONUSD,XCON
Stellar,STRUSD,STR
Polymath,POLYUSD,POLY
BakeryToken,BAKEUSD,BAKE
USNOTA,USNOTAUSD,USNOTA
Syscoin,SYSUSD,SYS
Bonfida,FIDAUSD,FIDA
ECOChain,ECOCUSD,ECOC
SaluS,SLSUSD,SLS
StormX,STMXUSD,STMX
Gas,GASUSD,GAS
Adventure,AGLDUSD,AGLD
Certik,CTKUSD,CTK
Odyssey,OCNUSD,OCN
Parallel,PARUSD,PAR
Frontier,FRONTUSD,FRONT
Chainlink,LINKUSD,LINK
Ardor,ARDRUSD,ARDR
Remme,REMUSD,REM
Everex,EVXUSD,EVX
Blocknet,BLOCKUSD,BLOCK
Polybius,PLBTUSD,PLBT
STRAX,STRAXUSD,STRAX
NEAR,NEARUSD,NEAR
SwftCoin,SWFTCUSD,SWFTC
Tron,TRXUSD,TRX
IDEX,IDEXUSD,IDEX
Pivx,PIVXUSD,PIVX
Atletico,ATMUSD,ATM
HitBTC,HITUSD,HIT
Celer,CELRUSD,CELR
BTU,BTUUSD,BTU
SFP,SFPUSD,SFP
Somesing,SSXUSD,SSX
SSV,SSVUSD,SSV
Nexo,NEXOUSD,NEXO
Gas,GASUSD,GAS
Sirin,SRNUSD,SRN
Sociall,SCLUSD,SCL
Morpheus.Network,MNWUSD,MNW
Cocos-BCX,COCOSUSD,COCOS
TrueFi,TRUUSD,TRU
Super,SBTCUSD,SBTC
CRDT,CRDTUSD,CRDT
CyberVeinToken,CVTUSD,CVT
Black,BMCUSD,BMC
Civic,CVCUSD,CVC
MINA,MINAUSD,MINA
TON,TONUSD,TON
Harmony,ONEUSD,ONE
Ethereum,ETCUSD,ETC
HempCoin,THCUSD,THC
Function,FXUSD,FX
Alchemy,ACHUSD,ACH
KeeperDAO,ROOKUSD,ROOK
Terra,TVKUSD,TVK
ZKSwap,ZKSUSD,ZKS
Rupiah,IDRTUSD,IDRT
Siacoin,SCUSD,SC
BitTube,TUBEUSD,TUBE
Ethereum,ETCUSD,ETC
Quantum,QRLUSD,QRL
Holo,HOTUSD,HOT
Bitcoin,BCHUSD,BCH
BitOnyx,BTNYXUSD,BTNYX
Swingby,SWINGBYUSD,SWINGBY
Mines,DARUSD,DAR
Horizen,ZENUSD,ZEN
DeFiChain,DFIUSD,DFI
Themis,GETUSD,GET
FintruX,FTXUSD,FTX
Neutrino,USDNUSD,USDN
Akropolis,AKROUSD,AKRO
INSTAR,INSTARUSD,INSTAR
bZx,BZRXUSD,BZRX
Golem,GLMUSD,GLM
STPT,STPTUSD,STPT
QuarkChain,QKCUSD,QKC
BitShares,BTSUSD,BTS
Augur,REPUSD,REP
CFX,CFXUSD,CFX
Symbol,XYMUSD,XYM
WIKI,WIKIUSD,WIKI
Opus,OPTUSD,OPT
FunFair,FUNUSD,FUN
Polkadot,DOTUSD,DOT
Patientory,PTOYUSD,PTOY
ShareToken,SHRUSD,SHR
BNS,BNSUSD,BNS
Hshare,HSRUSD,HSR
Galaxy,GNCUSD,GNC
Huobi,HTUSD,HT
Groestlcoin,GRSUSD,GRS
Decred,DCRUSD,DCR
BigBang,BBCUSD,BBC
Fetch,FETUSD,FET
Einsteinium,EMC2USD,EMC2
Kind,KINDUSD,KIND
Tent,TENTUSD,TENT
CITY,CITYUSD,CITY
IOTA,IOTAUSD,IOTA
USDK,USDKUSD,USDK
MaidSafeCoin,MAIDUSD,MAID
BAND,BANDUSD,BAND
IOTA,IOTAUSD,IOTA
Balancer,BALUSD,BAL
Arweave,ARUSD,AR
Jigstack,STAKUSD,STAK
Mercury,MERUSD,MER
Uranus,URACUSD,URAC
HNT,HNTUSD,HNT
GoByte,GBXUSD,GBX
SUPER,SUPERUSD,SUPER
Ethereum,ETHUSD,ETH
Litecoin,LTCUSD,LTC
FunFair,FUNUSD,FUN
XRP,XRPUSD,XRP
Algorand,ALGOUSD,ALGO
Hex,HEXUSD,HEX
MeshBox,MESHUSD,MESH
LTO,LTOUSD,LTO
DODO,DODOUSD,DODO
Kava,KAVAUSD,KAVA
WRX,WRXUSD,WRX
Zilliqa,ZILUSD,ZIL
MATIC,MATICUSD,MATIC
YOYOW,YOYOUSD,YOYO
CLV,CLVUSD,CLV
Navcoin,NAVUSD,NAV
AXS,AXSUSD,AXS
Qtum,QTUMUSD,QTUM
ChainLink,LINKUSD,LINK
Tether,USDTUSD,USDT
Aragon,ANTUSD,ANT
GMD,GMDUSD,GMD
Litecoin,LTCUSD,LTC
Bitcoin,BTCUSD,BTC
Ravencoin,RVNUSD,RVN
Reserve,RSVUSD,RSV
Dai,DAIUSD,DAI
Axie,AXSUSD,AXS
Ren,RENUSD,REN
Loopring,LRCUSD,LRC
Ontology,ONTUSD,ONT
Fantom,FTMUSD,FTM
SUSHI,SUSHIUSD,SUSHI
Metal,MTLUSD,MTL
EOS,EOSUSD,EOS
Loom,LOOMUSD,LOOM
NEM,XEMUSD,XEM
Dogecoin,DOGEUSD,DOGE
CTK,CTKUSD,CTK
AAVE,AAVEUSD,AAVE
Chainlink,LINKUSD,LINK
Student,STCUSD,STC
Cardano,ADAUSD,ADA
Aave,AAVEUSD,AAVE
AUDIO,AUDIOUSD,AUDIO
SONM,SNMUSD,SNM
RLC,RLCUSD,RLC
DigiByte,DGBUSD,DGB
WAXP,WAXPUSD,WAXP
RGT,RGTUSD,RGT
Storj,STORJUSD,STORJ
CROOLD,CROOLDUSD,CROOLD
MIR,MIRUSD,MIR
Tezos,XTZUSD,XTZ
Chiliz,CHZUSD,CHZ
SmartCash,SMARTUSD,SMART
Dogecoin,DOGEUSD,DOGE
Just,JSTUSD,JST
FIRO,FIROUSD,FIRO
Ravencoin,RVNUSD,RVN
SmartCash,SMARTUSD,SMART
Okb,OKBUSD,OKB
Hedera,HBARUSD,HBAR
Solve,SOLVEUSD,SOLVE
Cosmos,ATOMUSD,ATOM
Origin,OGNUSD,OGN
Celo,CELOUSD,CELO
EOS,EOSUSD,EOS
Wrapped,WBTCUSD,WBTC
Cudos,CUDOSUSD,CUDOS
SushiSwap,SUSHIUSD,SUSHI
Synthetix,SNXUSD,SNX
MiamiCoin,MIAUSD,MIA
Brother,BMPUSD,BMP
Smooth,SLPUSD,SLP
